DELETE
FROM PATIENT;
DELETE
FROM MESURES;
DELETE
FROM VALEURS_MESURES;

INSERT INTO PATIENT (pt_id, prenom, nom, email, sexe, groupe_sanguin, date_naissance, telephone, ville, code_postal,
                     adresse)
VALUES (1, 'Alexandre', 'Jacob', 'alexandre.jacob@gmail.com', 'M', 'O+', '2006-08-15', '06-85-96-21-03', 'Mallemort',
        '13370', NULL),
       (2, 'Jules', 'Fuselier', 'jules.fuselier@gmail.com', 'M', 'B-', '2006-04-26', '06-15-94-22-17',
        'Aix-en-Provence', '13100', NULL),
       (3, 'Hugo', 'Brest-Lestrade', 'hugo.brest@gmail.com', 'M', 'AB+', '2006-03-01', '06-28-11-65-71', 'Villeneuve',
        '04180', NULL),
       (4, 'Ewan', 'Acemyan de Oliveira', 'ewan.acemyan@gmail.com', 'M', 'O+', '2006-03-16', '06-33-03-42-15',
        'Marseille', '13000', NULL),
       (5, 'Véronique', 'Klaxon', 'veronique.klaxon@gmail.com', 'F', 'AB+', '1949-04-24', '06-17-85-33-05',
        'Boulogne-Billancourt', '92012', NULL),
       (6, 'Chantal', 'Ladessu', 'chantal.ladessu@gmail.com', 'F', 'O-', '1948-05-05', '06-05-03-49-97', 'Roubaix',
        '59512', NULL),
       (7, 'Marion', 'Petit', 'marion.petit7@gmail.com', 'F', 'A+', '1992-11-05', '06-12-34-56-71', 'Lyon', '69003',
        '14 rue de la Poste'),
       (8, 'Antoine', 'Morel', 'antoine.morel8@gmail.com', 'M', 'O-', '1985-02-20', '06-13-24-56-82', 'Bordeaux',
        '33000', '8 avenue Gambetta'),
       (9, 'Claire', 'Dupuy', 'claire.dupuy9@gmail.com', 'F', 'B+', '1978-07-12', '06-14-35-67-93', 'Nantes', '44000',
        '22 rue Sainte-Catherine'),
       (10, 'Mathieu', 'Leroy', 'mathieu.leroy10@gmail.com', 'M', 'AB-', '2000-01-30', '06-15-46-78-04', 'Toulouse',
        '31000', '3 bis impasse des Artisans'),
       (11, 'Sophie', 'Bernard', 'sophie.bernard11@gmail.com', 'F', 'O+', '1965-10-09', '06-16-57-89-15', 'Nice',
        '06000', '5 rue Masséna'),
       (12, 'Lucas', 'Renaud', 'lucas.renaud12@gmail.com', 'M', 'A-', '1999-05-25', '06-17-68-90-26', 'Strasbourg',
        '67000', '10 place Kléber'),
       (13, 'Julie', 'Garnier', 'julie.garnier13@gmail.com', 'F', 'B-', '1988-09-03', '06-18-79-01-37', 'Montpellier',
        '34000', '27 rue de la République'),
       (14, 'Théo', 'Fabre', 'theo.fabre14@gmail.com', 'M', 'AB+', '2003-12-18', '06-19-80-12-48', 'Rennes', '35000',
        '41 avenue Henri Fréville'),
       (15, 'Emilie', 'Rivet', 'emilie.rivet15@gmail.com', 'F', 'O-', '1972-06-21', '06-20-91-23-59', 'Tours', '37000',
        '6 rue Nationale'),
       (16, 'Nicolas', 'Pons', 'nicolas.pons16@gmail.com', 'M', 'A+', '1980-04-14', '06-21-02-34-60', 'Orléans',
        '45000', '19 rue Jeanne d Arc'),
       (17, 'Camille', 'Boyd', 'camille.boyd17@gmail.com', 'F', 'B+', '1995-08-07', '06-22-13-45-71', 'Amiens', '80000',
        '12 boulevard de Beauvillé'),
       (18, 'Julien', 'Marchal', 'julien.marchal18@gmail.com', 'M', 'O+', '1975-03-29', '06-23-24-56-82', 'Dijon',
        '21000', '33 rue de la Liberté'),
       (19, 'Laetitia', 'Roche', 'laetitia.roche19@gmail.com', 'F', 'AB-', '1969-01-17', '06-24-35-67-93', 'Angers',
        '49000', '2 rue du Mail'),
       (20, 'Benoît', 'Gros', 'benoit.gros20@gmail.com', 'M', 'A-', '1990-10-02', '06-25-46-78-04', 'Le Mans', '72000',
        '58 avenue Bollée'),
       (21, 'Aline', 'Vernier', 'aline.vernier21@gmail.com', 'F', 'O+', '1982-11-30', '06-26-57-89-15',
        'Clermont-Ferrand', '63000', '7 place de Jaude'),
       (22, 'Romain', 'Gilbert', 'romain.gilbert22@gmail.com', 'M', 'B-', '2001-07-09', '06-27-68-90-26', 'Caen',
        '14000', '4 rue Saint-Pierre'),
       (23, 'Aurélie', 'Mallet', 'aurelie.mallet23@gmail.com', 'F', 'AB+', '1996-02-27', '06-28-79-01-37', 'Poitiers',
        '86000', '15 rue Carnot'),
       (24, 'Kevin', 'Dumas', 'kevin.dumas24@gmail.com', 'M', 'O-', '1987-12-11', '06-29-80-12-48', 'Besançon', '25000',
        '21 rue Battant'),
       (25, 'Adèle', 'Barbier', 'adele.barbier25@gmail.com', 'F', 'A+', '1958-09-19', '06-30-91-23-59', 'Pau', '64000',
        '9 avenue Béarnaise'),
       (26, 'Simon', 'Leclerc', 'simon.leclerc26@gmail.com', 'M', 'B+', '1994-06-02', '06-31-02-34-60', 'Metz', '57000',
        '36 rue Serpenoise'),
       (27, 'Valérie', 'Colin', 'valerie.colin27@gmail.com', 'F', 'O+', '1976-05-14', '06-32-13-45-71', 'Perpignan',
        '66000', '18 rue des Augustins'),
       (28, 'Damien', 'Noël', 'damien.noel28@gmail.com', 'M', 'AB-', '1983-08-23', '06-33-24-56-82', 'Nîmes', '30000',
        '44 boulevard Victor Hugo'),
       (29, 'Manon', 'Lemoine', 'manon.lemoine29@gmail.com', 'F', 'A-', '2005-04-06', '06-34-35-67-93', 'Calais',
        '62100', '11 place dArmes'),
       (30, 'Olivier', 'Perrin', 'olivier.perrin30@gmail.com', 'M', 'B-', '1955-12-28', '06-35-46-78-04', 'Cherbourg',
        '50100', '28 rue de la Marine'),
       (31, 'Isabelle', 'Rossi', 'isabelle.rossi31@gmail.com', 'F', 'AB+', '1960-03-22', '06-36-57-89-15',
        'Saint-Étienne', '42000', '47 cours Fauriel'),
       (32, 'Marc', 'Favre', 'marc.favre32@gmail.com', 'M', 'O-', '1998-09-16', '06-37-68-90-26', 'Ajaccio', '20000',
        '6 route des Sanguinaires'),
       (33, 'Céline', 'Guillet', 'celine.guillet33@gmail.com', 'F', 'A+', '1989-11-11', '06-38-79-01-37', 'La Rochelle',
        '17000', '3 quai Valin'),
       (34, 'Laurent', 'Blanc', 'laurent.blanc34@gmail.com', 'M', 'B+', '1970-02-05', '06-39-80-12-48', 'Colmar',
        '68000', '25 rue des Tanneurs'),
       (35, 'Nathalie', 'Aubert', 'nathalie.aubert35@gmail.com', 'F', 'O+', '1967-07-30', '06-40-91-23-59',
        'Bourg-en-Bresse', '01000', '1 rue de la République'),
       (36, 'Vincent', 'Marin', 'vincent.marin36@gmail.com', 'M', 'AB-', '1993-05-18', '06-41-02-34-60', 'Vannes',
        '56000', '14 rue Thiers'),
       (37, 'Sabrina', 'Duval', 'sabrina.duval37@gmail.com', 'F', 'A-', '1997-10-01', '06-42-13-45-71', 'Chartres',
        '28000', '30 rue des Changes'),
       (38, 'Hugo', 'Charpentier', 'hugo.charpentier38@gmail.com', 'M', 'O-', '2004-01-04', '06-43-24-56-82',
        'Saint-Malo', '35400', '7 avenue Georges Clemenceau'),
       (39, 'Pauline', 'Legrand', 'pauline.legrand39@gmail.com', 'F', 'B+', '1984-03-26', '06-44-35-67-93', 'Albi',
        '81000', '50 rue de la République'),
       (40, 'Maxime', 'Dupont', 'maxime.dupont40@gmail.com', 'M', 'AB+', '1991-06-13', '06-45-46-78-04', 'Annecy',
        '74000', '12 impasse du Lac'),
       (41, 'Elodie', 'Pillot', 'elodie.pillot41@gmail.com', 'F', 'O+', '2002-08-29', '06-46-57-89-15', 'Arras',
        '62000', '5 place des Héros'),
       (42, 'Thomas', 'Bazin', 'thomas.bazin42@gmail.com', 'M', 'A-', '1986-04-08', '06-47-68-90-26', 'Le Havre',
        '76600', '9 quai de l Arsenal'),
       (43, 'Morgane', 'Lefèvre', 'morgane.lefevre43@gmail.com', 'F', 'B-', '1990-09-27', '06-48-79-01-37', 'Troyes',
        '10000', '16 rue Emile Zola'),
       (44, 'Fabien', 'Rochefort', 'fabien.rochefort44@gmail.com', 'M', 'O-', '1979-12-05', '06-49-80-12-48', 'Niort',
        '79000', '20 rue Ricard'),
       (45, 'Clara', 'Mercier', 'clara.mercier45@gmail.com', 'F', 'AB+', '2007-02-14', '06-50-91-23-59', 'Grasse',
        '06130', '2 avenue du Général de Gaulle'),
       (46, 'Yann', 'Bouchard', 'yann.bouchard46@gmail.com', 'M', 'A+', '1981-11-21', '06-51-02-34-60', 'Perigueux',
        '24000', '37 rue Limogeanne'),
       (47, 'Inès', 'Perrier', 'ines.perrier47@gmail.com', 'F', 'O-', '1999-03-09', '06-52-13-45-71', 'Saint-Brieuc',
        '22000', '29 boulevard Sévigné'),
       (48, 'Gilles', 'Noirot', 'gilles.noirot48@gmail.com', 'M', 'B+', '1952-07-04', '06-53-24-56-82', 'Mâcon',
        '71000', '11 rue de la Barre'),
       (49, 'Maëva', 'Carpentier', 'maeva.carpentier49@gmail.com', 'F', 'AB-', '1994-05-20', '06-54-35-67-93',
        'Chalon-sur-Saône', '71100', '24 rue du Colonel Bourg'),
       (50, 'Rémi', 'Bertin', 'remi.bertin50@gmail.com', 'M', 'B-', '2008-09-15', '06-55-46-78-04', 'Calvi', '20260',
        '18 rue du Gouvernail');

-- Exemple de mesures pour le patient 1 :
-- 3 mesures différentes comportant 50 valeurs chacune enregistrée à intervalle de temps régulier (intervalle différent selon le type de mesure)

INSERT INTO MESURES (id_mesure, pt_id, type_mesure, unite)
VALUES (1, 1, "Température corporelle", "°C"),
       (2, 1, "Tension arterielle", "mmHg"),
       (3, 1, "Fréquence cardiaque", "bpm");

-- TEMPÉRATURE CORPORELLE (id_mesure = 1)
INSERT INTO VALEURS_MESURES (id_val, valeur, date_mesure, heure_mesure, id_mesure)
VALUES (1, 37.2, '2025-12-02', '14:53:00', 1),
       (2, 37.3, '2025-12-02', '14:54:00', 1),
       (3, 37.1, '2025-12-02', '14:55:00', 1),
       (4, 37.0, '2025-12-02', '14:56:00', 1),
       (5, 37.2, '2025-12-02', '14:57:00', 1),
       (6, 37.4, '2025-12-02', '14:58:00', 1),
       (7, 37.3, '2025-12-02', '14:59:00', 1),
       (8, 37.5, '2025-12-02', '15:00:00', 1),
       (9, 37.6, '2025-12-02', '15:01:00', 1),
       (10, 37.2, '2025-12-02', '15:02:00', 1),
       (11, 37.1, '2025-12-02', '15:03:00', 1),
       (12, 36.9, '2025-12-02', '15:04:00', 1),
       (13, 37.0, '2025-12-02', '15:05:00', 1),
       (14, 37.3, '2025-12-02', '15:06:00', 1),
       (15, 37.5, '2025-12-02', '15:07:00', 1),
       (16, 37.2, '2025-12-02', '15:08:00', 1),
       (17, 37.1, '2025-12-02', '15:09:00', 1),
       (18, 36.8, '2025-12-02', '15:10:00', 1),
       (19, 37.0, '2025-12-02', '15:11:00', 1),
       (20, 37.2, '2025-12-02', '15:12:00', 1),
       (21, 37.4, '2025-12-02', '15:13:00', 1),
       (22, 37.5, '2025-12-02', '15:14:00', 1),
       (23, 37.6, '2025-12-02', '15:15:00', 1),
       (24, 37.7, '2025-12-02', '15:16:00', 1),
       (25, 37.3, '2025-12-02', '15:17:00', 1),
       (26, 37.2, '2025-12-02', '15:18:00', 1),
       (27, 36.9, '2025-12-02', '15:19:00', 1),
       (28, 37.0, '2025-12-02', '15:20:00', 1),
       (29, 37.1, '2025-12-02', '15:21:00', 1),
       (30, 37.3, '2025-12-02', '15:22:00', 1),
       (31, 37.2, '2025-12-02', '15:23:00', 1),
       (32, 37.5, '2025-12-02', '15:24:00', 1),
       (33, 37.6, '2025-12-02', '15:25:00', 1),
       (34, 37.4, '2025-12-02', '15:26:00', 1),
       (35, 37.3, '2025-12-02', '15:27:00', 1),
       (36, 37.1, '2025-12-02', '15:28:00', 1),
       (37, 36.9, '2025-12-02', '15:29:00', 1),
       (38, 37.0, '2025-12-02', '15:30:00', 1),
       (39, 37.1, '2025-12-02', '15:31:00', 1),
       (40, 37.2, '2025-12-02', '15:32:00', 1),
       (41, 37.4, '2025-12-02', '15:33:00', 1),
       (42, 37.3, '2025-12-02', '15:34:00', 1),
       (43, 37.1, '2025-12-02', '15:35:00', 1),
       (44, 36.9, '2025-12-02', '15:36:00', 1),
       (45, 37.0, '2025-12-02', '15:37:00', 1),
       (46, 37.2, '2025-12-02', '15:38:00', 1),
       (47, 37.4, '2025-12-02', '15:39:00', 1),
       (48, 37.3, '2025-12-02', '15:40:00', 1),
       (49, 37.1, '2025-12-02', '15:41:00', 1),
       (50, 37.2, '2025-12-02', '15:42:00', 1);

-- TENSION ARTÉRIELLE (id_mesure = 2)
INSERT INTO VALEURS_MESURES (id_val, valeur, date_mesure, heure_mesure, id_mesure)
VALUES (51, 120, '2025-12-02', '14:53:00', 2),
       (52, 122, '2025-12-02', '14:53:20', 2),
       (53, 118, '2025-12-02', '14:53:40', 2),
       (54, 125, '2025-12-02', '14:54:00', 2),
       (55, 126, '2025-12-02', '14:54:20', 2),
       (56, 124, '2025-12-02', '14:54:40', 2),
       (57, 121, '2025-12-02', '14:55:00', 2),
       (58, 123, '2025-12-02', '14:55:20', 2),
       (59, 127, '2025-12-02', '14:55:40', 2),
       (60, 128, '2025-12-02', '14:56:00', 2),
       (61, 122, '2025-12-02', '14:56:20', 2),
       (62, 121, '2025-12-02', '14:56:40', 2),
       (63, 119, '2025-12-02', '14:57:00', 2),
       (64, 120, '2025-12-02', '14:57:20', 2),
       (65, 124, '2025-12-02', '14:57:40', 2),
       (66, 126, '2025-12-02', '14:58:00', 2),
       (67, 123, '2025-12-02', '14:58:20', 2),
       (68, 122, '2025-12-02', '14:58:40', 2),
       (69, 127, '2025-12-02', '14:59:00', 2),
       (70, 129, '2025-12-02', '14:59:20', 2),
       (71, 130, '2025-12-02', '14:59:40', 2),
       (72, 128, '2025-12-02', '15:00:00', 2),
       (73, 126, '2025-12-02', '15:00:20', 2),
       (74, 125, '2025-12-02', '15:00:40', 2),
       (75, 123, '2025-12-02', '15:01:00', 2),
       (76, 121, '2025-12-02', '15:01:20', 2),
       (77, 122, '2025-12-02', '15:01:40', 2),
       (78, 124, '2025-12-02', '15:02:00', 2),
       (79, 126, '2025-12-02', '15:02:20', 2),
       (80, 128, '2025-12-02', '15:02:40', 2),
       (81, 127, '2025-12-02', '15:03:00', 2),
       (82, 129, '2025-12-02', '15:03:20', 2),
       (83, 130, '2025-12-02', '15:03:40', 2),
       (84, 125, '2025-12-02', '15:04:00', 2),
       (85, 123, '2025-12-02', '15:04:20', 2),
       (86, 122, '2025-12-02', '15:04:40', 2),
       (87, 121, '2025-12-02', '15:05:00', 2),
       (88, 120, '2025-12-02', '15:05:20', 2),
       (89, 122, '2025-12-02', '15:05:40', 2),
       (90, 124, '2025-12-02', '15:06:00', 2),
       (91, 123, '2025-12-02', '15:06:20', 2),
       (92, 125, '2025-12-02', '15:06:40', 2),
       (93, 127, '2025-12-02', '15:07:00', 2),
       (94, 128, '2025-12-02', '15:07:20', 2),
       (95, 129, '2025-12-02', '15:07:40', 2),
       (96, 126, '2025-12-02', '15:08:00', 2),
       (97, 124, '2025-12-02', '15:08:20', 2),
       (98, 122, '2025-12-02', '15:08:40', 2),
       (99, 121, '2025-12-02', '15:09:00', 2),
       (100, 123, '2025-12-02', '15:09:20', 2);

-- FRÉQUENCE CARDIAQUE (id_mesure = 3)
INSERT INTO VALEURS_MESURES (id_val, valeur, date_mesure, heure_mesure, id_mesure)
VALUES (101, 78, '2025-12-02', '14:53:00', 3),
       (102, 80, '2025-12-02', '14:53:02', 3),
       (103, 77, '2025-12-02', '14:53:04', 3),
       (104, 81, '2025-12-02', '14:53:06', 3),
       (105, 79, '2025-12-02', '14:53:08', 3),
       (106, 75, '2025-12-02', '14:53:10', 3),
       (107, 74, '2025-12-02', '14:53:12', 3),
       (108, 76, '2025-12-02', '14:53:14', 3),
       (109, 78, '2025-12-02', '14:53:16', 3),
       (110, 82, '2025-12-02', '14:53:18', 3),
       (111, 83, '2025-12-02', '14:53:20', 3),
       (112, 79, '2025-12-02', '14:53:22', 3),
       (113, 77, '2025-12-02', '14:53:24', 3),
       (114, 80, '2025-12-02', '14:53:26', 3),
       (115, 84, '2025-12-02', '14:53:28', 3),
       (116, 82, '2025-12-02', '14:53:30', 3),
       (117, 81, '2025-12-02', '14:53:32', 3),
       (118, 79, '2025-12-02', '14:53:34', 3),
       (119, 77, '2025-12-02', '14:53:36', 3),
       (120, 76, '2025-12-02', '14:53:38', 3),
       (121, 75, '2025-12-02', '14:53:40', 3),
       (122, 78, '2025-12-02', '14:53:42', 3),
       (123, 79, '2025-12-02', '14:53:44', 3),
       (124, 82, '2025-12-02', '14:53:46', 3),
       (125, 83, '2025-12-02', '14:53:48', 3),
       (126, 85, '2025-12-02', '14:53:50', 3),
       (127, 82, '2025-12-02', '14:53:52', 3),
       (128, 79, '2025-12-02', '14:53:54', 3),
       (129, 77, '2025-12-02', '14:53:56', 3),
       (130, 76, '2025-12-02', '14:53:58', 3),
       (131, 75, '2025-12-02', '14:54:00', 3),
       (132, 78, '2025-12-02', '14:54:02', 3),
       (133, 80, '2025-12-02', '14:54:04', 3),
       (134, 81, '2025-12-02', '14:54:06', 3),
       (135, 83, '2025-12-02', '14:54:08', 3),
       (136, 84, '2025-12-02', '14:54:10', 3),
       (137, 82, '2025-12-02', '14:54:12', 3),
       (138, 80, '2025-12-02', '14:54:14', 3),
       (139, 79, '2025-12-02', '14:54:16', 3),
       (140, 77, '2025-12-02', '14:54:18', 3),
       (141, 75, '2025-12-02', '14:54:20', 3),
       (142, 74, '2025-12-02', '14:54:22', 3),
       (143, 76, '2025-12-02', '14:54:24', 3),
       (144, 78, '2025-12-02', '14:54:26', 3),
       (145, 81, '2025-12-02', '14:54:28', 3),
       (146, 82, '2025-12-02', '14:54:30', 3),
       (147, 79, '2025-12-02', '14:54:32', 3),
       (148, 77, '2025-12-02', '14:54:34', 3),
       (149, 75, '2025-12-02', '14:54:36', 3),
       (150, 78, '2025-12-02', '14:54:38', 3);